DOI,Author,Year,Software,Decoration,Resolution,EMD,,
https://doi.org/10.1038/s44318-026-00833-w,Judernatz JH,2026,"Cryosparc, Relion, Frealign, Scripts",Decorated,3.2,54641,,
10.1107/S2059798326003062,Zhang D,2026,"Cryosparc, Scripts",Decorated ,2.77,55425,,
,,,,Undecorated,2.9,55431,,
,,,,Undecorated,3.62,55440,,
,,,,Decorated ,4.16,55444,,
: doi:10.1038/s41589-026-02204-2,Luo J,2026,"Cryosparc, Frealign",Decorated ,2.34,65885,,
,,,,Decorated ,2.26,65886,,
,,,,Decorated ,2.35,65887,,
,,,,Decorated ,2.39,65888,,
,,,,Undecorated,2.48,68133,,
,,,,Undecorated,2.41,68134,,
doi:10.1101/2023.12.01.569594,"Zehr, EA",2026," Relion, Scripts",Undecorated,3.1,45750,,
,,,,Undecorated,2.9,45775,,
10.1126/sciadv.aea2112,Funabiki H ,2026,"Cryosparc, Relion",Decorated ,2.6,49166,,
,,,,Decorated ,2.91,49167,,
,,,,Decorated ,3,49168,,
,,,,Decorated ,3.31,49169,,
,,,,Decorated ,3.3,49170,,
,,,,Decorated ,3.39,73614,,
doi:10.1038/s41594-025-01728-w,"Zeng, J",2025,"Relion, Cryosparc, Frealign",Decorated ,3.52,72717,,
,,,,Decorated ,3.34,72718,,
,,,,Decorated ,3.3,72719,,
doi:10.1038/s41467-025-64650-1,"Travis, SM",2025,"Relion, Cryosparc, Frealign",Decorated ,3.83,70593,,
,,,,Decorated ,3.08,46489,,
doi:10.1126/sciadv.adw1561,"Campbell, J",2025,"Relion, Cryosparc, Scripts",Decorated ,3.28,52338,,
doi:10.1038/s41467-026-72370-3,McManus CT,2025,"Cryosparc, Relion, Frealign, Scripts",Decorated ,3.33,45101,,
doi:10.1038/s41467-025-63165-z,"Wurtz, M",2025,"Relion, Cryosparc, Scripts",Decorated,4.9,54161,,
doi:10.1083/jcb.202501253,"Makino, T",2025,"Relion, PyFilamentPicker, Frealign",Decorated,3.48,62874,,
doi:10.1016/j.cell.2025.02.027,"Wollweber, F",2025,"Cryosparc, Cryolo, Relion",Undecorated,3.7,52465,,
doi:10.1038/s41467-025-57555-6,Juan Estévez-Gallego,2025,"Relion, Scripts",Undecorated,3.6,50172,,
doi:10.1016/j.cub.2024.12.022,"Troman, L",2025,"Relion, Script, Cryolo",Undecorated,3.2,50811,,
,,,,,3.3,50941,,
,,,,,3,50942,,
,,,,,3.2,50943,,
,,,,,3.1,50945,,
,,,,,3.6,50946,,
,,,,,3.5,50947,,
doi:10.1101/2023.12.01.569594,"Zehr, EA",2024,"Relion, Script",Undecorated,2.9,42916,,
doi:10.1038/s41467-024-53630-6,"Valdez, VA",2024,"Cryosparc, Relion, Frealign, Scripts",Decorated,2.8,47173,,
doi:10.1038/s41467-025-61498-3,"Atherton, J",2024,"Relion, Scripts",Decorated,3,19174,,
,,,,,3,19176,,
,,,,,3.6,19188,,
,,,,,3.6,19192,,
,,,,,2.9,51477,,
doi:10.1038/s44318-024-00087-4,"Vermeulen, BJ",2024,,,23,19862,,do not show with the current search 
,,,Relion and PyTom,,17,19861,,gama_Tubulin ring compex_MT
doi:10.1038/s41594-024-01406-3,"Luo, J",2024,Cryosparc,Decorated,3.3,39076,,
,,,,,3.2,39100,,
,,,,,3.1,39102,,
,,,,,3.6,39105,,
doi:10.1101/2023.12.01.569594,"Zehr, EA",2024,"Relion, Script",Undecorated,3.1,44762,,
doi:10.1038/s41589-024-01599-0,"Mahalingan, KK",2024,"Relion, Script",  Decorated,3.6,42884,,
,,,,,3.7,41090,,
,,,,,3.6,41018,,
doi:10.1038/s41594-024-01264-z,"Aher, A",2024,Relion,NA,4.5,43085,,gama_Tubulin ring compex_MT
,,,,NA,7.7,43482,,
,,,,NA,8.5,43483,,
,,,,Undecorated,2.66,43519,,
doi:10.1038/s41467-024-46260-5,"Adler, A",2024,"Relion, Scripts, Cryosparc",Decorated,3.7,19042,,
,,,,,3.9,19043,,
,,,,,4,19044,,
doi:10.1016/j.str.2023.09.010,"Bangera, M",2023,Relion,Decorated,11.6,34836,,
doi:10.3724/abbs.2023130,"Diao, Z",2023,"EMAN1, Frealign, Scripts",Decorated,4.2,35790,,
,,,,,4.4,35791,,
,,,,,4.4,35792,,
doi:10.1016/j.cell.2023.05.026,"Leung, MR",2023,"Relion, Scripts, Cryosparc",Decorated,3.5,17188,,
doi:10.1038/s41594-022-00863-y,"Snead, DM",2022,"Relion, Scripts, Cryosparc",Decorated,6.6,25658,,
,,,,,5.9,25664,,
,,,,,7,25674,,
,,,,,4.5,25897,,
,,,,,5.4,25908,,
doi:10.1126/sciadv.adf3021,"Wagstaff, JM",2022,"Relion, Scripts",Undecorated,3.8,14150,,
doi:10.1073/pnas.2207605119,"Gui, M",2022,"Relion, Scripts",Decorated,6,26611,,
doi:10.1126/science.abf6154,"Ferro, LS",2022,"Relion, Frealign, Scripts",Decorated,3.3,25120,,
doi:10.1126/science.abn6020,"Landskron, L",2022,Cryosparc,Decorated,2.9,14529,,
,Wang YX,,,Undecorated,4.3,EMD-30775,,to be publish 
doi:10.1038/s41467-021-23351-1,"Wang, X",2021,"Scripts, Eman1, Relion, Frealign, Cryosparc",Decorated,3.4,23869,,
,,,,,3.4,23870,,
doi:10.7554/eLife.61481,"Atherton, J",2020,"Relion, Scripts",Decorated,4.5,11340,,
doi:10.1016/j.devcel.2020.04.019,"Consolati, T",2020,"Cryolo, Relion, Cryosparc",NA,4,10744,,gama-TuRC
doi:10.1073/pnas.2001546117,"Debs, GE",2020,"Relion, Scripts",Decorated,3.6,21919,,
,,,,Undecorated,3.2,21922,,
,,,,Undecorated,3.3,21923,,
,,,,Undecorated,2.9,21924,,
doi:10.15252/embr.202051534,"Manka, SW",2020,"Eman1, Spider, Scripts, Frealign, Relion",Decorated,3.8,4858,,
,,,,,4.2,4861,,
,,,,,3.9,4863,,
,,,"Relion, Scripts",Decorated,3.67,EMD-20092,,to be publish 
doi:10.1016/j.jsb.2019.10.004,"Cook, AD",2020,"Relion, Scripts",Decorated,3.8,4862,,
,,,,,4.2,10131,,
doi:10.1038/s41467-019-13247-6,"Anterton, J",2019,"Relion, Scripts, Spider, Frealign",Decorated,3.7,4643,,
,,,,,3.8,4644,,
,,,,,3.7,4650,,
,,,,,3.8,4654,,
doi:10.1126/scisignal.aaw2939,"Adib, R",2019,"Relion, Scripts",Decorated,3.6,0'331,,
doi:10.7554/eLife.47146,"Lacey, SE",2019,Relion,Decorated,4.5,10060,,
,,,,,4.1,10061,,
doi:10.1016/j.devcel.2018.08.023,"Chaaban, S",2018,"Eman2, Spider, Scripts, Relion",Undecorated,4.8,9004,,
doi:10.1016/j.jmb.2019.01.011,"von Loeffelholz, O",2018,"Eman1, Spider, Frealign",Decorated,4.5,3527,,
doi:10.1038/s41594-018-0087-8,"Manka, SW",2018,"Eman1, Spider, Frealign",Decorated,4.2,3962,,
,,,,,4.4,3961,,
,,,,,4.4,3963,,
,,,,,3.8,3964,,
,,,,,3.8,3965,,
doi:10.1038/s41467-017-02241-5,"von Loeffelholz, O",2017,"Eman1, Spider, Frealign",Decorated,4.6,3522,,
doi:10.1038/nsmb.3483,"Antherton, J",2017,"Eman1, Spider, Frealign",Decorated,4.8,3444,,
,,,,,5.8,3620,,
,,,,,6.1,3621,,
,,,,,4.4,3622,,
,,,,,7.9,3623,,
,,,,,5.3,4154,,
,,,,,8,4156,,
doi:10.1073/pnas.1611581113,"Britto, M",2016,"Eman1, Spider, Frealign",Decorated,9.3,3445,,
doi:10.1016/j.cell.2015.07.012,"Zhang, R",2015,"Appion, Eman, Frealign, Scripts",Decorated,3.7,6354,,
,,,,,4.4,6355,,
doi:10.15252/embj.201490588,"Morikawa, M",2015,Others,Decorated,8.1,5916,,
doi:10.7554/eLife.03680,"Antherton, J",2014,"Eman1, Spider, Frealign",Decorated,6.3,2765,,
,,,,,7,2766,,
,,,,,7,2767,,
,,,,,7,2768,,
,,,,,7.4,2769,,
,,,,,6.5,2770,,
,,,,,7.7,2771,,
doi:10.1073/pnas.1319848111,"Goulet, A",2014,"Eman1, Spider, Frealign",Decorated,9.2,2533,,
,,,,,19,2534,,
,,,,,16,2535,,
,,,,,18,2536,,
,,,,,10,2537,,
,,,,,18,2538,,
,,,,,20,2539,,
,,,,,18,2540,,
,,,,,25,2541,,
,,,,,18,2542,,
doi:10.1074/jbc.M112.404228,"Goulet, A",2012,"Eman1, Spider, Frealign",Decorated,9.7,2077,,
,,,,,9.5,2078,,
,,,,,11,2079,,
,,,,,11,2080,,
,,,,,15,2081,,
,,,,,12,2152,,